First Name,Last Name
Charles,Russell
Richard,Skinner
Owen,Stewart
Jonathan,Burgess
Dan,Kerr
Stephen,Chapman
Harry,Ball
Frank,Bower
Frank,Blake
Joshua,Hardacre
Leonard,Carr
Benjamin,McLean
Nathan,Scott
Owen,Davidson
Jake,Mitchell
Jake,Sanderson
Frank,Buckland
Warren,Bond
Blake,Mathis
Owen,Smith
Michael,Hill
Max,Hunter
Dylan,Ellison
Kevin,Anderson
Steven,Gray
Max,White
Robert,McGrath
Connor,Hudson
Justin,Murray
Piers,Piper
Andrew,Miller
Christopher,Fraser
Adam,Hemmings
Evan,Avery
John,Watson
Michael,Robertson
Thomas,Jackson
John,Hodges
Cameron,Mackenzie
Adrian,Gray
Sebastian,Carr
Warren,Newman
Charles,Payne
Gavin,Watson
Matt,Reid
Isaac,Russell
Dominic,Butler
Trevor,Chapman
Victor,Terry
Simon,Harris
Charles,Anderson
Sam,Baker
Robert,Abraham
Jack,Poole
Dylan,Robertson
Christopher,Blake
Adrian,Abraham
Joseph,White
Adrian,Jones
Victor,King
Peter,Oliver
Lucas,Bower
Harry,Buckland
Colin,Morrison
Adrian,Churchill
Matt,Newman
Jason,Nolan
Piers,Sanderson
Benjamin,Mathis
Jake,Cameron
Tim,Welch
Michael,MacLeod
Cameron,Glover
Edward,North
Keith,Oliver
Liam,Allan
Max,Peters
Joe,Gibson
Max,Lambert
Joseph,Scott
Stewart,May
Neil,Mills
Liam,Poole
Adrian,Dowd
Justin,King
Liam,Edmunds
Jack,Watson
Tim,Reid
Alan,Ince
Gavin,Greene
Brandon,Greene
Ryan,Rutherford
Warren,Wilkins
Ian,Berry
Ian,Turner
Jason,Lewis
Alan,Sutherland
Steven,Clarkson
Austin,Kelly
William,Buckland
Victor,Peake
Warren,Paige
Justin,Wright
James,Randall
Oliver,Nash
Warren,Gill
Brandon,Wilson
Victor,Taylor
Charles,Springer
Sean,Smith
Gordon,Baker
James,Hodges
Nathan,Campbell
Lucas,Terry
Joseph,Morgan
Cameron,Wallace
Joshua,Coleman
Stewart,Abraham
Alan,Hemmings
Charles,Rampling
Jacob,Ellison
Ian,Lee
Andrew,Peake
Thomas,Short
Blake,Mills
Evan,Poole
Warren,Ince
Luke,Miller
Nicholas,Anderson
Andrew,Ross
Sam,Turner
Sebastian,Hemmings
Evan,Hardacre
Jonathan,Sutherland
Steven,Wilkins
Adrian,Rutherford
Max,Sanderson
Brian,Burgess
Robert,Mathis
Richard,Sharp
Blake,McGrath
Paul,Brown
Richard,McLean
Boris,Davies
Joe,Roberts
Keith,Lee
Simon,Powell
Ian,Rutherford
Alan,Coleman
Nicholas,Baker
Oliver,Gray
Adam,Abraham
Andrew,Coleman
Thomas,Hughes
Ian,Knox
David,Dickens
James,Greene
Colin,Harris
Paul,Peake
Tim,Hamilton
Charles,Randall
Dominic,Lewis
Victor,Mackay
Phil,Forsyth
Phil,Short
Warren,Poole
Benjamin,Parsons
Thomas,Langdon
Simon,Lyman
Thomas,Paige
James,Wallace
Julian,Ince
Michael,Slater
Stewart,Edmunds
Connor,Jackson
Christopher,Avery
Jacob,Newman
James,Black
Tim,Berry
Joe,Henderson
Alan,Powell
Connor,Campbell
Steven,Hamilton
Eric,Smith
Harry,Oliver
Michael,Burgess
Phil,Kelly
Nathan,Bell
Adrian,Bond
Harry,Welch
Andrew,Blake
Warren,Allan
Joseph,Hamilton
Matt,Johnston
Justin,Simpson
Julian,Quinn
Adrian,Lawrence
Thomas,Newman
Christian,Short
Sebastian,Miller
Nicholas,Taylor
Brian,Hardacre
Neil,Slater
Piers,Wallace
Boris,Parsons
William,Carr
Dan,Thomson
Oliver,Peters
Isaac,Ogden
Liam,Dickens
Adam,Blake
Brandon,Turner
Sebastian,Springer
Victor,Arnold
Liam,Bailey
Liam,Coleman
Julian,Cameron
Evan,Anderson
Lucas,James
David,Gray
Nathan,Martin
Ryan,Wilson
Andrew,Henderson
Eric,Poole
Colin,Walsh
Simon,Miller
Steven,Avery
Keith,Young
Dylan,Lee
Piers,Vance
Kevin,Churchill
Stephen,Hart
Owen,Allan
Boris,Wallace
John,James
Oliver,Bower
Liam,Peake
Evan,Alsop
James,Arnold
Leonard,Forsyth
Brian,Hunter
Dan,Fisher
Lucas,Welch
Sam,Lawrence
Carl,Peake
Brian,Sharp
William,Wilkins
Richard,Paterson
Edward,Lee
Evan,Mackay
Jake,Dowd
Jack,Hamilton
Dylan,North
Jake,Mills
Sam,Dyer
Connor,Hart
Charles,Alsop
Benjamin,Hughes
Kevin,Peters
Alan,Young
Stephen,Robertson
Frank,Payne
Charles,Young
Dominic,Gray
Matt,Bailey
Carl,Hemmings
Nicholas,McDonald
Luke,Martin
Joe,Glover
Austin,Payne
Eric,Manning
John,Quinn
Phil,Stewart
James,Bower
Owen,Campbell
Jack,Duncan
Paul,McGrath
Carl,Kelly
Peter,Gray
Neil,Avery
Tim,Bailey
Andrew,Mills
Robert,Ball
Richard,Marshall
Neil,Harris
Harry,Wright
Evan,Berry
Tim,Short
Nicholas,Hodges
Gordon,Avery
Gavin,Clark
Jonathan,Gill
Joseph,Lee
Neil,Payne
Adrian,Sanderson
Keith,Alsop
Adrian,Thomson
Adrian,Mills
James,Knox
Nicholas,Davidson
Ian,Cameron
Brandon,Rees
Brandon,Rampling
Phil,Tucker
Sebastian,Sutherland
Nicholas,Payne
Sam,Hart
Warren,Tucker
Tim,Cameron
Christian,James
James,Johnston
John,White
Andrew,Vance
Liam,Blake
Blake,Knox
Eric,Gill
Boris,Roberts
Adrian,Mackay
Leonard,Paige
Owen,Terry
Warren,Fisher
Blake,Nash
Tim,McDonald
Stewart,Fisher
Lucas,Arnold
Simon,Hunter
Evan,Peters
Dan,Hamilton
Simon,Kerr
Edward,Paterson
David,Wright
Lucas,Miller
Dominic,Duncan
Sean,Quinn
Harry,Powell
Owen,Short
Robert,Sutherland
Gordon,Bower
Benjamin,Vaughan
Neil,Clark
Julian,McDonald
Gavin,Bower
Colin,Mackay
Kevin,Quinn
Benjamin,May
Keith,Hamilton
Gordon,Quinn
Stewart,Duncan
Jake,Burgess
Joe,Simpson
Carl,Fraser
Boris,Hart
Liam,Buckland
Eric,Henderson
Dominic,Black
Dan,Turner
Jacob,Paterson
Warren,Reid
Boris,Smith
Julian,Hemmings
Jake,Lyman
Isaac,Walker
Alan,Hardacre
Adrian,Carr
Stephen,Walsh
Ryan,Morgan
Eric,Duncan
Dylan,Vaughan
Connor,Quinn
Gavin,Underwood
Neil,Ross
Alan,Wilson
Luke,Greene
Gordon,Tucker
Simon,Gray
Joseph,Piper
Jake,Hudson
Brandon,Wilkins
Adam,McDonald
Anthony,Clarkson
Oliver,James
Christopher,Knox
Christian,Hart
Lucas,May
Paul,Clark
Warren,Arnold
Warren,Welch
Cameron,Payne
John,Campbell
Carl,Greene
Stephen,Rees
Dominic,McLean
Blake,Burgess
Gavin,Fraser
Simon,Metcalfe
Liam,Ross
Joe,North
Ian,Roberts
Sean,Glover
Ian,Burgess
Neil,MacLeod
William,Brown
Carl,Fisher
Thomas,Wallace
Joshua,Hamilton
Charles,Jackson
Charles,Stewart
Boris,Sanderson
Sean,Dyer
Max,Baker
Stewart,Thomson
Neil,Sanderson
Cameron,Wright
Edward,Piper
Simon,MacLeod
Liam,Wilkins
Cameron,Martin
Edward,Gray
Liam,Newman
Edward,Allan
Carl,Miller
Richard,Glover
Keith,Scott
Ian,Ferguson
Ian,Morrison
Dominic,Jackson
Steven,Bell
Eric,MacDonald
Kevin,Glover
Gavin,Parr
Adrian,Parsons
David,Rampling
Joe,Parsons
Evan,Hodges
Stewart,Gibson
Phil,Paige
Cameron,Bower
Jack,Blake
Peter,Pullman
Benjamin,Walker
Warren,Duncan
Lucas,McDonald
Liam,Peters
Owen,North
Boris,Lewis
James,Russell
Benjamin,Cameron
Ryan,Wright
Boris,Mathis
Christopher,Smith
Boris,Parr
Stewart,Walsh
Andrew,Simpson
Paul,Buckland
Ryan,Paige
Edward,Ellison
Ian,Lambert
Sam,Alsop
Piers,Lambert
Jake,Smith
Jake,Lawrence
Jacob,Bower
Liam,Parsons
Thomas,Knox
Connor,Peake
Ryan,Rampling
Simon,Welch
Simon,Sharp
Adrian,Edmunds
Boris,Reid
Leonard,Lawrence
Jonathan,Hudson
Owen,Underwood
Phil,Skinner
Peter,Hughes
Lucas,Peake
Alexander,Baker
Piers,Hughes
Anthony,Young
Christian,Young
Julian,Henderson
Austin,Cornish
Evan,Morrison
Sam,Jones
Jake,Abraham
Steven,Martin
Charles,Blake
Christopher,Miller
Neil,Berry
Steven,Underwood
Christian,Churchill
Owen,Ince
Anthony,Chapman
Joshua,Mackenzie
Joshua,Metcalfe
Brian,Blake
Paul,Abraham
Joshua,Edmunds
Alexander,Metcalfe
Charles,McLean
